[
  {
    "model": "admin.logentry",
    "pk": 1,
    "fields": {
      "action_time": "2023-09-22T15:17:52.980Z",
      "user": 1,
      "content_type": 8,
      "object_id": "1",
      "object_repr": "Blurb object (1)",
      "action_flag": 1,
      "change_message": "[{\"added\": {}}]"
    }
  },
  {
    "model": "admin.logentry",
    "pk": 2,
    "fields": {
      "action_time": "2023-09-22T15:18:09.318Z",
      "user": 1,
      "content_type": 9,
      "object_id": "1",
      "object_repr": "HomeInfo object (1)",
      "action_flag": 1,
      "change_message": "[{\"added\": {}}]"
    }
  },
  {
    "model": "admin.logentry",
    "pk": 3,
    "fields": {
      "action_time": "2023-09-22T15:20:22.031Z",
      "user": 1,
      "content_type": 7,
      "object_id": "1",
      "object_repr": "Banner object (1)",
      "action_flag": 1,
      "change_message": "[{\"added\": {}}]"
    }
  },
  {
    "model": "admin.logentry",
    "pk": 4,
    "fields": {
      "action_time": "2023-09-22T15:31:03.176Z",
      "user": 1,
      "content_type": 9,
      "object_id": "1",
      "object_repr": "HomeInfo object (1)",
      "action_flag": 2,
      "change_message": "[{\"changed\": {\"fields\": [\"Tagline\"]}}]"
    }
  },
  {
    "model": "admin.logentry",
    "pk": 5,
    "fields": {
      "action_time": "2023-09-22T15:31:16.115Z",
      "user": 1,
      "content_type": 9,
      "object_id": "2",
      "object_repr": "HomeInfo object (2)",
      "action_flag": 1,
      "change_message": "[{\"added\": {}}]"
    }
  },
  {
    "model": "admin.logentry",
    "pk": 6,
    "fields": {
      "action_time": "2023-09-22T15:32:00.858Z",
      "user": 1,
      "content_type": 9,
      "object_id": "1",
      "object_repr": "HomeInfo object (1)",
      "action_flag": 3,
      "change_message": ""
    }
  },
  {
    "model": "admin.logentry",
    "pk": 7,
    "fields": {
      "action_time": "2023-09-22T16:44:56.580Z",
      "user": 1,
      "content_type": 10,
      "object_id": "1",
      "object_repr": "Caravans",
      "action_flag": 1,
      "change_message": "[{\"added\": {}}]"
    }
  },
  {
    "model": "admin.logentry",
    "pk": 8,
    "fields": {
      "action_time": "2023-09-22T16:45:00.897Z",
      "user": 1,
      "content_type": 10,
      "object_id": "1",
      "object_repr": "Caravans",
      "action_flag": 2,
      "change_message": "[]"
    }
  },
  {
    "model": "admin.logentry",
    "pk": 9,
    "fields": {
      "action_time": "2023-09-22T16:45:28.935Z",
      "user": 1,
      "content_type": 10,
      "object_id": "2",
      "object_repr": "Tents",
      "action_flag": 1,
      "change_message": "[{\"added\": {}}]"
    }
  },
  {
    "model": "admin.logentry",
    "pk": 10,
    "fields": {
      "action_time": "2023-09-22T16:50:42.764Z",
      "user": 1,
      "content_type": 10,
      "object_id": "3",
      "object_repr": "Homes",
      "action_flag": 1,
      "change_message": "[{\"added\": {}}]"
    }
  },
  {
    "model": "admin.logentry",
    "pk": 11,
    "fields": {
      "action_time": "2023-09-22T16:50:57.273Z",
      "user": 1,
      "content_type": 10,
      "object_id": "4",
      "object_repr": "Parking Shade",
      "action_flag": 1,
      "change_message": "[{\"added\": {}}]"
    }
  },
  {
    "model": "admin.logentry",
    "pk": 12,
    "fields": {
      "action_time": "2023-09-22T17:01:18.231Z",
      "user": 1,
      "content_type": 11,
      "object_id": "1",
      "object_repr": "Shiekh Tents",
      "action_flag": 1,
      "change_message": "[{\"added\": {}}]"
    }
  },
  {
    "model": "admin.logentry",
    "pk": 13,
    "fields": {
      "action_time": "2023-09-22T18:47:12.308Z",
      "user": 1,
      "content_type": 11,
      "object_id": "1",
      "object_repr": "Shiekh Tents",
      "action_flag": 2,
      "change_message": "[{\"changed\": {\"fields\": [\"Image\"]}}]"
    }
  },
  {
    "model": "admin.logentry",
    "pk": 14,
    "fields": {
      "action_time": "2023-09-22T18:49:04.896Z",
      "user": 1,
      "content_type": 11,
      "object_id": "1",
      "object_repr": "Shiekh Tents",
      "action_flag": 2,
      "change_message": "[{\"changed\": {\"fields\": [\"Image\"]}}]"
    }
  },
  {
    "model": "admin.logentry",
    "pk": 15,
    "fields": {
      "action_time": "2023-09-22T18:50:07.261Z",
      "user": 1,
      "content_type": 11,
      "object_id": "1",
      "object_repr": "Shiekh Tents",
      "action_flag": 2,
      "change_message": "[{\"changed\": {\"fields\": [\"Image\"]}}]"
    }
  },
  {
    "model": "admin.logentry",
    "pk": 16,
    "fields": {
      "action_time": "2023-09-22T18:53:42.484Z",
      "user": 1,
      "content_type": 11,
      "object_id": "1",
      "object_repr": "Shiekh Tents",
      "action_flag": 2,
      "change_message": "[{\"changed\": {\"fields\": [\"Image\"]}}]"
    }
  },
  {
    "model": "admin.logentry",
    "pk": 17,
    "fields": {
      "action_time": "2023-09-22T18:54:02.275Z",
      "user": 1,
      "content_type": 11,
      "object_id": "1",
      "object_repr": "Shiekh Tents",
      "action_flag": 2,
      "change_message": "[{\"changed\": {\"fields\": [\"Image\"]}}]"
    }
  },
  {
    "model": "admin.logentry",
    "pk": 18,
    "fields": {
      "action_time": "2023-09-22T20:15:23.966Z",
      "user": 1,
      "content_type": 12,
      "object_id": "1",
      "object_repr": "Your Site Name",
      "action_flag": 2,
      "change_message": "[{\"changed\": {\"fields\": [\"Whatsapp url\"]}}]"
    }
  },
  {
    "model": "admin.logentry",
    "pk": 19,
    "fields": {
      "action_time": "2023-09-22T20:17:55.715Z",
      "user": 1,
      "content_type": 12,
      "object_id": "1",
      "object_repr": "Al Darwash Portacabin & Tents Factory L.L.C",
      "action_flag": 2,
      "change_message": "[{\"changed\": {\"fields\": [\"Site name\", \"Site description\", \"Tagline\", \"Logo\"]}}]"
    }
  },
  {
    "model": "admin.logentry",
    "pk": 20,
    "fields": {
      "action_time": "2023-09-22T20:19:18.431Z",
      "user": 1,
      "content_type": 13,
      "object_id": "1",
      "object_repr": "tetn",
      "action_flag": 1,
      "change_message": "[{\"added\": {}}]"
    }
  },
  {
    "model": "admin.logentry",
    "pk": 21,
    "fields": {
      "action_time": "2023-09-22T20:19:20.471Z",
      "user": 1,
      "content_type": 14,
      "object_id": "1",
      "object_repr": "Muhammad Hamoud",
      "action_flag": 1,
      "change_message": "[{\"added\": {}}]"
    }
  },
  {
    "model": "admin.logentry",
    "pk": 22,
    "fields": {
      "action_time": "2023-09-22T20:19:27.738Z",
      "user": 1,
      "content_type": 14,
      "object_id": "1",
      "object_repr": "Muhammad Hamoud",
      "action_flag": 2,
      "change_message": "[]"
    }
  },
  {
    "model": "admin.logentry",
    "pk": 23,
    "fields": {
      "action_time": "2023-09-22T20:49:07.029Z",
      "user": 1,
      "content_type": 10,
      "object_id": "4",
      "object_repr": "Parking Shade",
      "action_flag": 3,
      "change_message": ""
    }
  },
  {
    "model": "admin.logentry",
    "pk": 24,
    "fields": {
      "action_time": "2023-09-22T20:58:30.158Z",
      "user": 1,
      "content_type": 12,
      "object_id": "1",
      "object_repr": "Al Darwash Portacabin & Tents Factory L.L.C",
      "action_flag": 2,
      "change_message": "[{\"changed\": {\"fields\": [\"Site description\", \"Tagline\"]}}]"
    }
  },
  {
    "model": "admin.logentry",
    "pk": 25,
    "fields": {
      "action_time": "2023-09-22T23:17:35.458Z",
      "user": 1,
      "content_type": 17,
      "object_id": "3",
      "object_repr": "Discover Al Darwash Tents",
      "action_flag": 2,
      "change_message": "[]"
    }
  },
  {
    "model": "admin.logentry",
    "pk": 26,
    "fields": {
      "action_time": "2023-09-23T09:42:52.504Z",
      "user": 1,
      "content_type": 12,
      "object_id": "1",
      "object_repr": "Al Darwash Portacabin & Tents Factory L.L.C",
      "action_flag": 2,
      "change_message": "[{\"changed\": {\"fields\": [\"Tagline\"]}}]"
    }
  },
  {
    "model": "admin.logentry",
    "pk": 27,
    "fields": {
      "action_time": "2023-09-23T21:43:38.026Z",
      "user": 1,
      "content_type": 20,
      "object_id": "1",
      "object_repr": "Hamoud",
      "action_flag": 1,
      "change_message": "[{\"added\": {}}]"
    }
  },
  {
    "model": "admin.logentry",
    "pk": 28,
    "fields": {
      "action_time": "2023-09-23T21:43:48.402Z",
      "user": 1,
      "content_type": 20,
      "object_id": "2",
      "object_repr": "Hamoud2",
      "action_flag": 1,
      "change_message": "[{\"added\": {}}]"
    }
  },
  {
    "model": "admin.logentry",
    "pk": 29,
    "fields": {
      "action_time": "2023-09-23T21:44:06.246Z",
      "user": 1,
      "content_type": 20,
      "object_id": "3",
      "object_repr": "Hamoud3",
      "action_flag": 1,
      "change_message": "[{\"added\": {}}]"
    }
  },
  {
    "model": "admin.logentry",
    "pk": 30,
    "fields": {
      "action_time": "2023-09-23T21:48:44.427Z",
      "user": 1,
      "content_type": 20,
      "object_id": "3",
      "object_repr": "Hamoud3",
      "action_flag": 2,
      "change_message": "[{\"changed\": {\"fields\": [\"Image\"]}}]"
    }
  },
  {
    "model": "admin.logentry",
    "pk": 31,
    "fields": {
      "action_time": "2023-09-23T21:48:49.375Z",
      "user": 1,
      "content_type": 20,
      "object_id": "2",
      "object_repr": "Hamoud2",
      "action_flag": 2,
      "change_message": "[{\"changed\": {\"fields\": [\"Image\"]}}]"
    }
  },
  {
    "model": "admin.logentry",
    "pk": 32,
    "fields": {
      "action_time": "2023-09-23T21:48:54.166Z",
      "user": 1,
      "content_type": 20,
      "object_id": "1",
      "object_repr": "Hamoud",
      "action_flag": 2,
      "change_message": "[{\"changed\": {\"fields\": [\"Image\"]}}]"
    }
  },
  {
    "model": "admin.logentry",
    "pk": 33,
    "fields": {
      "action_time": "2023-09-23T21:56:52.361Z",
      "user": 1,
      "content_type": 20,
      "object_id": "3",
      "object_repr": "Hamoud3",
      "action_flag": 2,
      "change_message": "[{\"changed\": {\"fields\": [\"Discriptions\"]}}]"
    }
  },
  {
    "model": "admin.logentry",
    "pk": 34,
    "fields": {
      "action_time": "2023-09-23T21:57:36.680Z",
      "user": 1,
      "content_type": 20,
      "object_id": "3",
      "object_repr": "Hamoud3",
      "action_flag": 2,
      "change_message": "[{\"changed\": {\"fields\": [\"Discriptions\"]}}]"
    }
  },
  {
    "model": "admin.logentry",
    "pk": 35,
    "fields": {
      "action_time": "2023-09-23T22:00:08.331Z",
      "user": 1,
      "content_type": 20,
      "object_id": "3",
      "object_repr": "Prefab - Where Innovation Meets Construction Excellence",
      "action_flag": 2,
      "change_message": "[{\"changed\": {\"fields\": [\"Name\"]}}]"
    }
  },
  {
    "model": "admin.logentry",
    "pk": 36,
    "fields": {
      "action_time": "2023-09-23T22:02:06.401Z",
      "user": 1,
      "content_type": 20,
      "object_id": "2",
      "object_repr": "Tents - Elevating Your Outdoor Experience",
      "action_flag": 2,
      "change_message": "[{\"changed\": {\"fields\": [\"Name\", \"Discriptions\"]}}]"
    }
  },
  {
    "model": "admin.logentry",
    "pk": 37,
    "fields": {
      "action_time": "2023-09-23T22:03:04.367Z",
      "user": 1,
      "content_type": 20,
      "object_id": "1",
      "object_repr": "Car Parking Features - Elevating Your Parking Experience",
      "action_flag": 2,
      "change_message": "[{\"changed\": {\"fields\": [\"Name\", \"Discriptions\"]}}]"
    }
  },
  {
    "model": "admin.logentry",
    "pk": 38,
    "fields": {
      "action_time": "2023-09-23T22:04:42.731Z",
      "user": 1,
      "content_type": 20,
      "object_id": "3",
      "object_repr": "Prefab - Where Innovation Meets Construction Excellence",
      "action_flag": 2,
      "change_message": "[{\"changed\": {\"fields\": [\"Discriptions\"]}}]"
    }
  },
  {
    "model": "admin.logentry",
    "pk": 39,
    "fields": {
      "action_time": "2023-09-23T22:07:53.219Z",
      "user": 1,
      "content_type": 10,
      "object_id": "3",
      "object_repr": "Continuous Improvement",
      "action_flag": 2,
      "change_message": "[{\"changed\": {\"fields\": [\"Image\"]}}]"
    }
  },
  {
    "model": "admin.logentry",
    "pk": 40,
    "fields": {
      "action_time": "2023-09-23T22:07:58.743Z",
      "user": 1,
      "content_type": 10,
      "object_id": "2",
      "object_repr": "State-of-the-Art Facilities",
      "action_flag": 2,
      "change_message": "[{\"changed\": {\"fields\": [\"Image\"]}}]"
    }
  },
  {
    "model": "admin.logentry",
    "pk": 41,
    "fields": {
      "action_time": "2023-09-23T22:08:03.339Z",
      "user": 1,
      "content_type": 10,
      "object_id": "1",
      "object_repr": "Exceptional After-Sales Support",
      "action_flag": 2,
      "change_message": "[{\"changed\": {\"fields\": [\"Image\"]}}]"
    }
  },
  {
    "model": "admin.logentry",
    "pk": 42,
    "fields": {
      "action_time": "2023-09-23T22:12:57.141Z",
      "user": 1,
      "content_type": 13,
      "object_id": "1",
      "object_repr": "Tents",
      "action_flag": 2,
      "change_message": "[{\"changed\": {\"fields\": [\"Name\", \"Slug\"]}}]"
    }
  },
  {
    "model": "admin.logentry",
    "pk": 43,
    "fields": {
      "action_time": "2023-09-23T22:13:10.224Z",
      "user": 1,
      "content_type": 13,
      "object_id": "2",
      "object_repr": "Car Parking",
      "action_flag": 1,
      "change_message": "[{\"added\": {}}]"
    }
  },
  {
    "model": "admin.logentry",
    "pk": 44,
    "fields": {
      "action_time": "2023-09-23T22:13:22.891Z",
      "user": 1,
      "content_type": 13,
      "object_id": "3",
      "object_repr": "Prefab",
      "action_flag": 1,
      "change_message": "[{\"added\": {}}]"
    }
  },
  {
    "model": "admin.logentry",
    "pk": 45,
    "fields": {
      "action_time": "2023-09-23T22:13:33.589Z",
      "user": 1,
      "content_type": 13,
      "object_id": "4",
      "object_repr": "Steel",
      "action_flag": 1,
      "change_message": "[{\"added\": {}}]"
    }
  },
  {
    "model": "admin.logentry",
    "pk": 46,
    "fields": {
      "action_time": "2023-09-23T22:21:11.139Z",
      "user": 1,
      "content_type": 15,
      "object_id": "3",
      "object_repr": "Car Parking",
      "action_flag": 2,
      "change_message": "[{\"changed\": {\"fields\": [\"Name\"]}}]"
    }
  },
  {
    "model": "admin.logentry",
    "pk": 47,
    "fields": {
      "action_time": "2023-09-23T22:21:15.718Z",
      "user": 1,
      "content_type": 15,
      "object_id": "2",
      "object_repr": "Tents",
      "action_flag": 2,
      "change_message": "[{\"changed\": {\"fields\": [\"Name\"]}}]"
    }
  },
  {
    "model": "admin.logentry",
    "pk": 48,
    "fields": {
      "action_time": "2023-09-23T22:21:20.388Z",
      "user": 1,
      "content_type": 15,
      "object_id": "1",
      "object_repr": "Prefab",
      "action_flag": 2,
      "change_message": "[{\"changed\": {\"fields\": [\"Name\"]}}]"
    }
  },
  {
    "model": "admin.logentry",
    "pk": 49,
    "fields": {
      "action_time": "2023-09-23T22:21:27.631Z",
      "user": 1,
      "content_type": 15,
      "object_id": "4",
      "object_repr": "Steel",
      "action_flag": 1,
      "change_message": "[{\"added\": {}}]"
    }
  },
  {
    "model": "admin.logentry",
    "pk": 50,
    "fields": {
      "action_time": "2023-09-23T22:21:35.371Z",
      "user": 1,
      "content_type": 16,
      "object_id": "16",
      "object_repr": "Exceptional Service",
      "action_flag": 2,
      "change_message": "[]"
    }
  },
  {
    "model": "admin.logentry",
    "pk": 51,
    "fields": {
      "action_time": "2023-09-23T22:21:37.744Z",
      "user": 1,
      "content_type": 16,
      "object_id": "15",
      "object_repr": "Competitive Prices",
      "action_flag": 2,
      "change_message": "[]"
    }
  },
  {
    "model": "admin.logentry",
    "pk": 52,
    "fields": {
      "action_time": "2023-09-23T22:21:40.258Z",
      "user": 1,
      "content_type": 16,
      "object_id": "12",
      "object_repr": "Travelling Tents",
      "action_flag": 2,
      "change_message": "[]"
    }
  },
  {
    "model": "admin.logentry",
    "pk": 53,
    "fields": {
      "action_time": "2023-09-23T22:21:42.531Z",
      "user": 1,
      "content_type": 16,
      "object_id": "9",
      "object_repr": "Plan & Design, and More",
      "action_flag": 2,
      "change_message": "[]"
    }
  },
  {
    "model": "admin.logentry",
    "pk": 54,
    "fields": {
      "action_time": "2023-09-23T22:21:45.962Z",
      "user": 1,
      "content_type": 16,
      "object_id": "6",
      "object_repr": "Trailer Cabin",
      "action_flag": 2,
      "change_message": "[]"
    }
  },
  {
    "model": "admin.logentry",
    "pk": 55,
    "fields": {
      "action_time": "2023-09-23T22:21:48.094Z",
      "user": 1,
      "content_type": 16,
      "object_id": "6",
      "object_repr": "Trailer Cabin",
      "action_flag": 2,
      "change_message": "[]"
    }
  },
  {
    "model": "admin.logentry",
    "pk": 56,
    "fields": {
      "action_time": "2023-09-23T22:21:50.338Z",
      "user": 1,
      "content_type": 16,
      "object_id": "4",
      "object_repr": "Villa & Security Cabins",
      "action_flag": 2,
      "change_message": "[]"
    }
  },
  {
    "model": "admin.logentry",
    "pk": 57,
    "fields": {
      "action_time": "2023-09-23T22:21:52.868Z",
      "user": 1,
      "content_type": 16,
      "object_id": "3",
      "object_repr": "Housemaid & Driver Cabins",
      "action_flag": 2,
      "change_message": "[]"
    }
  },
  {
    "model": "admin.logentry",
    "pk": 58,
    "fields": {
      "action_time": "2023-09-23T22:21:55.395Z",
      "user": 1,
      "content_type": 16,
      "object_id": "1",
      "object_repr": "Site Offices & Labour Camps",
      "action_flag": 2,
      "change_message": "[]"
    }
  },
  {
    "model": "admin.logentry",
    "pk": 59,
    "fields": {
      "action_time": "2023-09-23T22:25:19.120Z",
      "user": 1,
      "content_type": 16,
      "object_id": "16",
      "object_repr": "Exceptional Service",
      "action_flag": 2,
      "change_message": "[]"
    }
  },
  {
    "model": "admin.logentry",
    "pk": 60,
    "fields": {
      "action_time": "2023-09-23T22:31:00.653Z",
      "user": 1,
      "content_type": 15,
      "object_id": "4",
      "object_repr": "Steel",
      "action_flag": 2,
      "change_message": "[]"
    }
  },
  {
    "model": "admin.logentry",
    "pk": 61,
    "fields": {
      "action_time": "2023-09-23T22:51:51.221Z",
      "user": 1,
      "content_type": 11,
      "object_id": "20",
      "object_repr": "Quality Assurance",
      "action_flag": 2,
      "change_message": "[{\"changed\": {\"fields\": [\"Image\"]}}]"
    }
  },
  {
    "model": "admin.logentry",
    "pk": 62,
    "fields": {
      "action_time": "2023-09-23T22:51:56.953Z",
      "user": 1,
      "content_type": 11,
      "object_id": "19",
      "object_repr": "Vehicle Protection",
      "action_flag": 2,
      "change_message": "[{\"changed\": {\"fields\": [\"Image\"]}}]"
    }
  },
  {
    "model": "admin.logentry",
    "pk": 63,
    "fields": {
      "action_time": "2023-09-23T23:07:29.902Z",
      "user": 1,
      "content_type": 12,
      "object_id": "1",
      "object_repr": "Al Darwash Portacabin & Tents Factory L.L.C",
      "action_flag": 2,
      "change_message": "[{\"changed\": {\"fields\": [\"Company name\"]}}]"
    }
  },
  {
    "model": "admin.logentry",
    "pk": 64,
    "fields": {
      "action_time": "2023-09-23T23:17:36.461Z",
      "user": 1,
      "content_type": 16,
      "object_id": "16",
      "object_repr": "Exceptional Service",
      "action_flag": 3,
      "change_message": ""
    }
  },
  {
    "model": "admin.logentry",
    "pk": 65,
    "fields": {
      "action_time": "2023-09-23T23:17:36.472Z",
      "user": 1,
      "content_type": 16,
      "object_id": "15",
      "object_repr": "Competitive Prices",
      "action_flag": 3,
      "change_message": ""
    }
  },
  {
    "model": "admin.logentry",
    "pk": 66,
    "fields": {
      "action_time": "2023-09-23T23:29:42.749Z",
      "user": 1,
      "content_type": 17,
      "object_id": "4",
      "object_repr": "Experience Car Parking Solutions",
      "action_flag": 2,
      "change_message": "[{\"changed\": {\"fields\": [\"Name\", \"Action\", \"Action url\"]}}]"
    }
  },
  {
    "model": "admin.logentry",
    "pk": 67,
    "fields": {
      "action_time": "2023-09-23T23:30:00.576Z",
      "user": 1,
      "content_type": 17,
      "object_id": "4",
      "object_repr": "Experience Car Parking Solutions",
      "action_flag": 2,
      "change_message": "[{\"changed\": {\"fields\": [\"Description\"]}}]"
    }
  },
  {
    "model": "admin.logentry",
    "pk": 68,
    "fields": {
      "action_time": "2023-09-23T23:30:28.456Z",
      "user": 1,
      "content_type": 17,
      "object_id": "3",
      "object_repr": "Discover Tents",
      "action_flag": 2,
      "change_message": "[{\"changed\": {\"fields\": [\"Name\", \"Description\", \"Action\", \"Action url\"]}}]"
    }
  },
  {
    "model": "admin.logentry",
    "pk": 69,
    "fields": {
      "action_time": "2023-09-23T23:30:48.135Z",
      "user": 1,
      "content_type": 17,
      "object_id": "2",
      "object_repr": "Why Choose Prefab Houses?",
      "action_flag": 2,
      "change_message": "[{\"changed\": {\"fields\": [\"Name\", \"Description\", \"Action\", \"Action url\"]}}]"
    }
  },
  {
    "model": "admin.logentry",
    "pk": 70,
    "fields": {
      "action_time": "2023-09-23T23:31:29.064Z",
      "user": 1,
      "content_type": 17,
      "object_id": "1",
      "object_repr": "Welcome to DarwashCo Prefabs",
      "action_flag": 2,
      "change_message": "[{\"changed\": {\"fields\": [\"Name\", \"Description\", \"Action\", \"Action url\"]}}]"
    }
  },
  {
    "model": "admin.logentry",
    "pk": 71,
    "fields": {
      "action_time": "2023-09-23T23:47:05.769Z",
      "user": 1,
      "content_type": 17,
      "object_id": "4",
      "object_repr": "Experience Car Parking Solutions",
      "action_flag": 2,
      "change_message": "[{\"changed\": {\"fields\": [\"Image\"]}}]"
    }
  },
  {
    "model": "admin.logentry",
    "pk": 72,
    "fields": {
      "action_time": "2023-09-23T23:47:10.650Z",
      "user": 1,
      "content_type": 17,
      "object_id": "3",
      "object_repr": "Discover Tents",
      "action_flag": 2,
      "change_message": "[{\"changed\": {\"fields\": [\"Image\"]}}]"
    }
  },
  {
    "model": "admin.logentry",
    "pk": 73,
    "fields": {
      "action_time": "2023-09-23T23:47:15.348Z",
      "user": 1,
      "content_type": 17,
      "object_id": "2",
      "object_repr": "Why Choose Prefab Houses?",
      "action_flag": 2,
      "change_message": "[{\"changed\": {\"fields\": [\"Image\"]}}]"
    }
  },
  {
    "model": "admin.logentry",
    "pk": 74,
    "fields": {
      "action_time": "2023-09-23T23:47:20.457Z",
      "user": 1,
      "content_type": 17,
      "object_id": "1",
      "object_repr": "Welcome to DarwashCo Prefabs",
      "action_flag": 2,
      "change_message": "[{\"changed\": {\"fields\": [\"Image\"]}}]"
    }
  },
  {
    "model": "admin.logentry",
    "pk": 75,
    "fields": {
      "action_time": "2023-09-24T06:53:11.806Z",
      "user": 1,
      "content_type": 11,
      "object_id": "20",
      "object_repr": "Quality Assurance",
      "action_flag": 2,
      "change_message": "[{\"changed\": {\"fields\": [\"File\", \"Is published\"]}}]"
    }
  },
  {
    "model": "admin.logentry",
    "pk": 76,
    "fields": {
      "action_time": "2023-09-24T07:26:07.294Z",
      "user": 1,
      "content_type": 18,
      "object_id": "6",
      "object_repr": "Angela Reed - Lecturer, further education",
      "action_flag": 3,
      "change_message": ""
    }
  },
  {
    "model": "admin.logentry",
    "pk": 77,
    "fields": {
      "action_time": "2023-09-24T07:26:07.302Z",
      "user": 1,
      "content_type": 18,
      "object_id": "5",
      "object_repr": "Holly Adams - Teaching laboratory technician",
      "action_flag": 3,
      "change_message": ""
    }
  },
  {
    "model": "admin.logentry",
    "pk": 78,
    "fields": {
      "action_time": "2023-09-24T07:26:07.309Z",
      "user": 1,
      "content_type": 18,
      "object_id": "4",
      "object_repr": "Michelle Webb - Production manager",
      "action_flag": 3,
      "change_message": ""
    }
  },
  {
    "model": "admin.logentry",
    "pk": 79,
    "fields": {
      "action_time": "2023-09-24T07:26:07.310Z",
      "user": 1,
      "content_type": 18,
      "object_id": "3",
      "object_repr": "Cristina Smith - Education administrator",
      "action_flag": 3,
      "change_message": ""
    }
  },
  {
    "model": "admin.logentry",
    "pk": 80,
    "fields": {
      "action_time": "2023-09-24T07:26:07.310Z",
      "user": 1,
      "content_type": 18,
      "object_id": "2",
      "object_repr": "Sandra Lopez - Gaffer",
      "action_flag": 3,
      "change_message": ""
    }
  },
  {
    "model": "admin.logentry",
    "pk": 81,
    "fields": {
      "action_time": "2023-09-24T07:26:07.333Z",
      "user": 1,
      "content_type": 18,
      "object_id": "1",
      "object_repr": "Melissa Dunn - Engineer, drilling",
      "action_flag": 3,
      "change_message": ""
    }
  },
  {
    "model": "admin.logentry",
    "pk": 82,
    "fields": {
      "action_time": "2023-09-24T07:56:44.973Z",
      "user": 1,
      "content_type": 19,
      "object_id": "8",
      "object_repr": "Peter Anderson",
      "action_flag": 3,
      "change_message": ""
    }
  },
  {
    "model": "admin.logentry",
    "pk": 83,
    "fields": {
      "action_time": "2023-09-24T07:56:44.983Z",
      "user": 1,
      "content_type": 19,
      "object_id": "7",
      "object_repr": "Mark and Jessica Williams",
      "action_flag": 3,
      "change_message": ""
    }
  },
  {
    "model": "admin.logentry",
    "pk": 84,
    "fields": {
      "action_time": "2023-09-24T07:56:44.990Z",
      "user": 1,
      "content_type": 19,
      "object_id": "3",
      "object_repr": "David Johnson",
      "action_flag": 3,
      "change_message": ""
    }
  },
  {
    "model": "admin.logentry",
    "pk": 85,
    "fields": {
      "action_time": "2023-09-24T07:56:44.997Z",
      "user": 1,
      "content_type": 19,
      "object_id": "2",
      "object_repr": "Sarah Davis",
      "action_flag": 3,
      "change_message": ""
    }
  },
  {
    "model": "admin.logentry",
    "pk": 86,
    "fields": {
      "action_time": "2023-09-24T07:56:45.002Z",
      "user": 1,
      "content_type": 19,
      "object_id": "1",
      "object_repr": "John Smith",
      "action_flag": 3,
      "change_message": ""
    }
  },
  {
    "model": "auth.permission",
    "pk": 1,
    "fields": {
      "name": "Can add log entry",
      "content_type": 1,
      "codename": "add_logentry"
    }
  },
  {
    "model": "auth.permission",
    "pk": 2,
    "fields": {
      "name": "Can change log entry",
      "content_type": 1,
      "codename": "change_logentry"
    }
  },
  {
    "model": "auth.permission",
    "pk": 3,
    "fields": {
      "name": "Can delete log entry",
      "content_type": 1,
      "codename": "delete_logentry"
    }
  },
  {
    "model": "auth.permission",
    "pk": 4,
    "fields": {
      "name": "Can view log entry",
      "content_type": 1,
      "codename": "view_logentry"
    }
  },
  {
    "model": "auth.permission",
    "pk": 5,
    "fields": {
      "name": "Can add permission",
      "content_type": 2,
      "codename": "add_permission"
    }
  },
  {
    "model": "auth.permission",
    "pk": 6,
    "fields": {
      "name": "Can change permission",
      "content_type": 2,
      "codename": "change_permission"
    }
  },
  {
    "model": "auth.permission",
    "pk": 7,
    "fields": {
      "name": "Can delete permission",
      "content_type": 2,
      "codename": "delete_permission"
    }
  },
  {
    "model": "auth.permission",
    "pk": 8,
    "fields": {
      "name": "Can view permission",
      "content_type": 2,
      "codename": "view_permission"
    }
  },
  {
    "model": "auth.permission",
    "pk": 9,
    "fields": {
      "name": "Can add group",
      "content_type": 3,
      "codename": "add_group"
    }
  },
  {
    "model": "auth.permission",
    "pk": 10,
    "fields": {
      "name": "Can change group",
      "content_type": 3,
      "codename": "change_group"
    }
  },
  {
    "model": "auth.permission",
    "pk": 11,
    "fields": {
      "name": "Can delete group",
      "content_type": 3,
      "codename": "delete_group"
    }
  },
  {
    "model": "auth.permission",
    "pk": 12,
    "fields": {
      "name": "Can view group",
      "content_type": 3,
      "codename": "view_group"
    }
  },
  {
    "model": "auth.permission",
    "pk": 13,
    "fields": {
      "name": "Can add user",
      "content_type": 4,
      "codename": "add_user"
    }
  },
  {
    "model": "auth.permission",
    "pk": 14,
    "fields": {
      "name": "Can change user",
      "content_type": 4,
      "codename": "change_user"
    }
  },
  {
    "model": "auth.permission",
    "pk": 15,
    "fields": {
      "name": "Can delete user",
      "content_type": 4,
      "codename": "delete_user"
    }
  },
  {
    "model": "auth.permission",
    "pk": 16,
    "fields": {
      "name": "Can view user",
      "content_type": 4,
      "codename": "view_user"
    }
  },
  {
    "model": "auth.permission",
    "pk": 17,
    "fields": {
      "name": "Can add content type",
      "content_type": 5,
      "codename": "add_contenttype"
    }
  },
  {
    "model": "auth.permission",
    "pk": 18,
    "fields": {
      "name": "Can change content type",
      "content_type": 5,
      "codename": "change_contenttype"
    }
  },
  {
    "model": "auth.permission",
    "pk": 19,
    "fields": {
      "name": "Can delete content type",
      "content_type": 5,
      "codename": "delete_contenttype"
    }
  },
  {
    "model": "auth.permission",
    "pk": 20,
    "fields": {
      "name": "Can view content type",
      "content_type": 5,
      "codename": "view_contenttype"
    }
  },
  {
    "model": "auth.permission",
    "pk": 21,
    "fields": {
      "name": "Can add session",
      "content_type": 6,
      "codename": "add_session"
    }
  },
  {
    "model": "auth.permission",
    "pk": 22,
    "fields": {
      "name": "Can change session",
      "content_type": 6,
      "codename": "change_session"
    }
  },
  {
    "model": "auth.permission",
    "pk": 23,
    "fields": {
      "name": "Can delete session",
      "content_type": 6,
      "codename": "delete_session"
    }
  },
  {
    "model": "auth.permission",
    "pk": 24,
    "fields": {
      "name": "Can view session",
      "content_type": 6,
      "codename": "view_session"
    }
  },
  {
    "model": "auth.permission",
    "pk": 25,
    "fields": {
      "name": "Can add banner",
      "content_type": 7,
      "codename": "add_banner"
    }
  },
  {
    "model": "auth.permission",
    "pk": 26,
    "fields": {
      "name": "Can change banner",
      "content_type": 7,
      "codename": "change_banner"
    }
  },
  {
    "model": "auth.permission",
    "pk": 27,
    "fields": {
      "name": "Can delete banner",
      "content_type": 7,
      "codename": "delete_banner"
    }
  },
  {
    "model": "auth.permission",
    "pk": 28,
    "fields": {
      "name": "Can view banner",
      "content_type": 7,
      "codename": "view_banner"
    }
  },
  {
    "model": "auth.permission",
    "pk": 29,
    "fields": {
      "name": "Can add blurb",
      "content_type": 8,
      "codename": "add_blurb"
    }
  },
  {
    "model": "auth.permission",
    "pk": 30,
    "fields": {
      "name": "Can change blurb",
      "content_type": 8,
      "codename": "change_blurb"
    }
  },
  {
    "model": "auth.permission",
    "pk": 31,
    "fields": {
      "name": "Can delete blurb",
      "content_type": 8,
      "codename": "delete_blurb"
    }
  },
  {
    "model": "auth.permission",
    "pk": 32,
    "fields": {
      "name": "Can view blurb",
      "content_type": 8,
      "codename": "view_blurb"
    }
  },
  {
    "model": "auth.permission",
    "pk": 33,
    "fields": {
      "name": "Can add home info",
      "content_type": 9,
      "codename": "add_homeinfo"
    }
  },
  {
    "model": "auth.permission",
    "pk": 34,
    "fields": {
      "name": "Can change home info",
      "content_type": 9,
      "codename": "change_homeinfo"
    }
  },
  {
    "model": "auth.permission",
    "pk": 35,
    "fields": {
      "name": "Can delete home info",
      "content_type": 9,
      "codename": "delete_homeinfo"
    }
  },
  {
    "model": "auth.permission",
    "pk": 36,
    "fields": {
      "name": "Can view home info",
      "content_type": 9,
      "codename": "view_homeinfo"
    }
  },
  {
    "model": "auth.permission",
    "pk": 37,
    "fields": {
      "name": "Can add services",
      "content_type": 10,
      "codename": "add_services"
    }
  },
  {
    "model": "auth.permission",
    "pk": 38,
    "fields": {
      "name": "Can change services",
      "content_type": 10,
      "codename": "change_services"
    }
  },
  {
    "model": "auth.permission",
    "pk": 39,
    "fields": {
      "name": "Can delete services",
      "content_type": 10,
      "codename": "delete_services"
    }
  },
  {
    "model": "auth.permission",
    "pk": 40,
    "fields": {
      "name": "Can view services",
      "content_type": 10,
      "codename": "view_services"
    }
  },
  {
    "model": "auth.permission",
    "pk": 41,
    "fields": {
      "name": "Can add projects",
      "content_type": 11,
      "codename": "add_projects"
    }
  },
  {
    "model": "auth.permission",
    "pk": 42,
    "fields": {
      "name": "Can change projects",
      "content_type": 11,
      "codename": "change_projects"
    }
  },
  {
    "model": "auth.permission",
    "pk": 43,
    "fields": {
      "name": "Can delete projects",
      "content_type": 11,
      "codename": "delete_projects"
    }
  },
  {
    "model": "auth.permission",
    "pk": 44,
    "fields": {
      "name": "Can view projects",
      "content_type": 11,
      "codename": "view_projects"
    }
  },
  {
    "model": "auth.permission",
    "pk": 45,
    "fields": {
      "name": "Can add project",
      "content_type": 11,
      "codename": "add_project"
    }
  },
  {
    "model": "auth.permission",
    "pk": 46,
    "fields": {
      "name": "Can change project",
      "content_type": 11,
      "codename": "change_project"
    }
  },
  {
    "model": "auth.permission",
    "pk": 47,
    "fields": {
      "name": "Can delete project",
      "content_type": 11,
      "codename": "delete_project"
    }
  },
  {
    "model": "auth.permission",
    "pk": 48,
    "fields": {
      "name": "Can view project",
      "content_type": 11,
      "codename": "view_project"
    }
  },
  {
    "model": "auth.permission",
    "pk": 49,
    "fields": {
      "name": "Can add service",
      "content_type": 10,
      "codename": "add_service"
    }
  },
  {
    "model": "auth.permission",
    "pk": 50,
    "fields": {
      "name": "Can change service",
      "content_type": 10,
      "codename": "change_service"
    }
  },
  {
    "model": "auth.permission",
    "pk": 51,
    "fields": {
      "name": "Can delete service",
      "content_type": 10,
      "codename": "delete_service"
    }
  },
  {
    "model": "auth.permission",
    "pk": 52,
    "fields": {
      "name": "Can view service",
      "content_type": 10,
      "codename": "view_service"
    }
  },
  {
    "model": "auth.permission",
    "pk": 53,
    "fields": {
      "name": "Can add site information",
      "content_type": 12,
      "codename": "add_siteinformation"
    }
  },
  {
    "model": "auth.permission",
    "pk": 54,
    "fields": {
      "name": "Can change site information",
      "content_type": 12,
      "codename": "change_siteinformation"
    }
  },
  {
    "model": "auth.permission",
    "pk": 55,
    "fields": {
      "name": "Can delete site information",
      "content_type": 12,
      "codename": "delete_siteinformation"
    }
  },
  {
    "model": "auth.permission",
    "pk": 56,
    "fields": {
      "name": "Can view site information",
      "content_type": 12,
      "codename": "view_siteinformation"
    }
  },
  {
    "model": "auth.permission",
    "pk": 57,
    "fields": {
      "name": "Can add category",
      "content_type": 13,
      "codename": "add_category"
    }
  },
  {
    "model": "auth.permission",
    "pk": 58,
    "fields": {
      "name": "Can change category",
      "content_type": 13,
      "codename": "change_category"
    }
  },
  {
    "model": "auth.permission",
    "pk": 59,
    "fields": {
      "name": "Can delete category",
      "content_type": 13,
      "codename": "delete_category"
    }
  },
  {
    "model": "auth.permission",
    "pk": 60,
    "fields": {
      "name": "Can view category",
      "content_type": 13,
      "codename": "view_category"
    }
  },
  {
    "model": "auth.permission",
    "pk": 61,
    "fields": {
      "name": "Can add post",
      "content_type": 14,
      "codename": "add_post"
    }
  },
  {
    "model": "auth.permission",
    "pk": 62,
    "fields": {
      "name": "Can change post",
      "content_type": 14,
      "codename": "change_post"
    }
  },
  {
    "model": "auth.permission",
    "pk": 63,
    "fields": {
      "name": "Can delete post",
      "content_type": 14,
      "codename": "delete_post"
    }
  },
  {
    "model": "auth.permission",
    "pk": 64,
    "fields": {
      "name": "Can view post",
      "content_type": 14,
      "codename": "view_post"
    }
  },
  {
    "model": "auth.permission",
    "pk": 65,
    "fields": {
      "name": "Can add product category",
      "content_type": 15,
      "codename": "add_productcategory"
    }
  },
  {
    "model": "auth.permission",
    "pk": 66,
    "fields": {
      "name": "Can change product category",
      "content_type": 15,
      "codename": "change_productcategory"
    }
  },
  {
    "model": "auth.permission",
    "pk": 67,
    "fields": {
      "name": "Can delete product category",
      "content_type": 15,
      "codename": "delete_productcategory"
    }
  },
  {
    "model": "auth.permission",
    "pk": 68,
    "fields": {
      "name": "Can view product category",
      "content_type": 15,
      "codename": "view_productcategory"
    }
  },
  {
    "model": "auth.permission",
    "pk": 69,
    "fields": {
      "name": "Can add product",
      "content_type": 16,
      "codename": "add_product"
    }
  },
  {
    "model": "auth.permission",
    "pk": 70,
    "fields": {
      "name": "Can change product",
      "content_type": 16,
      "codename": "change_product"
    }
  },
  {
    "model": "auth.permission",
    "pk": 71,
    "fields": {
      "name": "Can delete product",
      "content_type": 16,
      "codename": "delete_product"
    }
  },
  {
    "model": "auth.permission",
    "pk": 72,
    "fields": {
      "name": "Can view product",
      "content_type": 16,
      "codename": "view_product"
    }
  },
  {
    "model": "auth.permission",
    "pk": 73,
    "fields": {
      "name": "Can add marketing",
      "content_type": 17,
      "codename": "add_marketing"
    }
  },
  {
    "model": "auth.permission",
    "pk": 74,
    "fields": {
      "name": "Can change marketing",
      "content_type": 17,
      "codename": "change_marketing"
    }
  },
  {
    "model": "auth.permission",
    "pk": 75,
    "fields": {
      "name": "Can delete marketing",
      "content_type": 17,
      "codename": "delete_marketing"
    }
  },
  {
    "model": "auth.permission",
    "pk": 76,
    "fields": {
      "name": "Can view marketing",
      "content_type": 17,
      "codename": "view_marketing"
    }
  },
  {
    "model": "auth.permission",
    "pk": 77,
    "fields": {
      "name": "Can add team member",
      "content_type": 18,
      "codename": "add_teammember"
    }
  },
  {
    "model": "auth.permission",
    "pk": 78,
    "fields": {
      "name": "Can change team member",
      "content_type": 18,
      "codename": "change_teammember"
    }
  },
  {
    "model": "auth.permission",
    "pk": 79,
    "fields": {
      "name": "Can delete team member",
      "content_type": 18,
      "codename": "delete_teammember"
    }
  },
  {
    "model": "auth.permission",
    "pk": 80,
    "fields": {
      "name": "Can view team member",
      "content_type": 18,
      "codename": "view_teammember"
    }
  },
  {
    "model": "auth.permission",
    "pk": 81,
    "fields": {
      "name": "Can add testimonial",
      "content_type": 19,
      "codename": "add_testimonial"
    }
  },
  {
    "model": "auth.permission",
    "pk": 82,
    "fields": {
      "name": "Can change testimonial",
      "content_type": 19,
      "codename": "change_testimonial"
    }
  },
  {
    "model": "auth.permission",
    "pk": 83,
    "fields": {
      "name": "Can delete testimonial",
      "content_type": 19,
      "codename": "delete_testimonial"
    }
  },
  {
    "model": "auth.permission",
    "pk": 84,
    "fields": {
      "name": "Can view testimonial",
      "content_type": 19,
      "codename": "view_testimonial"
    }
  },
  {
    "model": "auth.permission",
    "pk": 85,
    "fields": {
      "name": "Can add feature",
      "content_type": 20,
      "codename": "add_feature"
    }
  },
  {
    "model": "auth.permission",
    "pk": 86,
    "fields": {
      "name": "Can change feature",
      "content_type": 20,
      "codename": "change_feature"
    }
  },
  {
    "model": "auth.permission",
    "pk": 87,
    "fields": {
      "name": "Can delete feature",
      "content_type": 20,
      "codename": "delete_feature"
    }
  },
  {
    "model": "auth.permission",
    "pk": 88,
    "fields": {
      "name": "Can view feature",
      "content_type": 20,
      "codename": "view_feature"
    }
  },
  {
    "model": "auth.user",
    "pk": 1,
    "fields": {
      "password": "pbkdf2_sha256$600000$EaXY5Z1XOKJVKnrKkrPou4$paOLUEHBp64ff7Py6Rh2SckjiIMUlaUrhP0C+1/H5HY=",
      "last_login": "2023-09-22T23:15:30.433Z",
      "is_superuser": true,
      "username": "admin",
      "first_name": "",
      "last_name": "",
      "email": "admin123@admin.com",
      "is_staff": true,
      "is_active": true,
      "date_joined": "2023-09-22T15:16:46.161Z",
      "groups": [],
      "user_permissions": []
    }
  },
  {
    "model": "contenttypes.contenttype",
    "pk": 1,
    "fields": { "app_label": "admin", "model": "logentry" }
  },
  {
    "model": "contenttypes.contenttype",
    "pk": 2,
    "fields": { "app_label": "auth", "model": "permission" }
  },
  {
    "model": "contenttypes.contenttype",
    "pk": 3,
    "fields": { "app_label": "auth", "model": "group" }
  },
  {
    "model": "contenttypes.contenttype",
    "pk": 4,
    "fields": { "app_label": "auth", "model": "user" }
  },
  {
    "model": "contenttypes.contenttype",
    "pk": 5,
    "fields": { "app_label": "contenttypes", "model": "contenttype" }
  },
  {
    "model": "contenttypes.contenttype",
    "pk": 6,
    "fields": { "app_label": "sessions", "model": "session" }
  },
  {
    "model": "contenttypes.contenttype",
    "pk": 7,
    "fields": { "app_label": "homepage", "model": "banner" }
  },
  {
    "model": "contenttypes.contenttype",
    "pk": 8,
    "fields": { "app_label": "homepage", "model": "blurb" }
  },
  {
    "model": "contenttypes.contenttype",
    "pk": 9,
    "fields": { "app_label": "homepage", "model": "homeinfo" }
  },
  {
    "model": "contenttypes.contenttype",
    "pk": 10,
    "fields": { "app_label": "homepage", "model": "service" }
  },
  {
    "model": "contenttypes.contenttype",
    "pk": 11,
    "fields": { "app_label": "homepage", "model": "project" }
  },
  {
    "model": "contenttypes.contenttype",
    "pk": 12,
    "fields": { "app_label": "homepage", "model": "siteinformation" }
  },
  {
    "model": "contenttypes.contenttype",
    "pk": 13,
    "fields": { "app_label": "homepage", "model": "category" }
  },
  {
    "model": "contenttypes.contenttype",
    "pk": 14,
    "fields": { "app_label": "homepage", "model": "post" }
  },
  {
    "model": "contenttypes.contenttype",
    "pk": 15,
    "fields": { "app_label": "homepage", "model": "productcategory" }
  },
  {
    "model": "contenttypes.contenttype",
    "pk": 16,
    "fields": { "app_label": "homepage", "model": "product" }
  },
  {
    "model": "contenttypes.contenttype",
    "pk": 17,
    "fields": { "app_label": "homepage", "model": "marketing" }
  },
  {
    "model": "contenttypes.contenttype",
    "pk": 18,
    "fields": { "app_label": "homepage", "model": "teammember" }
  },
  {
    "model": "contenttypes.contenttype",
    "pk": 19,
    "fields": { "app_label": "homepage", "model": "testimonial" }
  },
  {
    "model": "contenttypes.contenttype",
    "pk": 20,
    "fields": { "app_label": "homepage", "model": "feature" }
  },
  {
    "model": "sessions.session",
    "pk": "3u7bxny0q6ttnvlkq4ux6g67od3ot6b2",
    "fields": {
      "session_data": ".eJxVjEsOwjAMBe-SNYrShLguS_Y9Q-XYDi2gROpnhbg7VOoCtm9m3ssMtK3jsC06D5OYi2nM6XdLxA8tO5A7lVu1XMs6T8nuij3oYvsq-rwe7t_BSMv4rSmzS1liTOIUJPuoBIjY5NCC8hkbTthBAGEOPkMXCVWdS9wCknjz_gASzDjR:1qjpMw:M4S5KJb2XxTfHXfac20-3hcAH_BvjWWRWa0-L8xOrrs",
      "expire_date": "2023-10-06T23:15:30.439Z"
    }
  },
  {
    "model": "sessions.session",
    "pk": "fwzthlmmsmaqh4uv4gga8sq116dtjz0u",
    "fields": {
      "session_data": ".eJxVjEsOwjAMBe-SNYrShLguS_Y9Q-XYDi2gROpnhbg7VOoCtm9m3ssMtK3jsC06D5OYi2nM6XdLxA8tO5A7lVu1XMs6T8nuij3oYvsq-rwe7t_BSMv4rSmzS1liTOIUJPuoBIjY5NCC8hkbTthBAGEOPkMXCVWdS9wCknjz_gASzDjR:1qjhtr:efNgXC5JfAKbxASEU5zUbB9PoODooyOMhkSl-crAa04",
      "expire_date": "2023-10-06T15:16:59.285Z"
    }
  },
  {
    "model": "homepage.siteinformation",
    "pk": 1,
    "fields": {
      "site_name": "Al Darwash Portacabin & Tents Factory L.L.C",
      "company_name": "DarwashCo",
      "site_description": "We don't just build structures; we craft dreams. As a trailblazing manufacturer of versatile, state-of-the-art portable buildings, we stand at the forefront of innovation and quality.",
      "site_keywords": "Your site keywords",
      "tagline": "Elevate Your Vision with us: Unleashing Excellence in Portable Buildings",
      "logo": "uploads/logo.jpg",
      "address": "P.O.Box: 21577, Ajman, United Arab Emirates",
      "telephone": "+971-67477880",
      "mobile": "+971-509169001",
      "fax": "+971-67485312",
      "email": "info@aldarwashprefab.com",
      "website": "http://www.aldarwashprefab.com",
      "sales_email": "sales@aldarwashprefab.com",
      "technical_email": "technical@aldarwashprefab.com",
      "accounts_email": "accounts@aldarwashprefab.com",
      "facebook_url": "https://www.facebook.com/yourpage",
      "twitter_url": "https://twitter.com/yourhandle",
      "instagram_url": "https://www.instagram.com/youraccount",
      "linkedin_url": "https://www.linkedin.com/in/yourprofile",
      "whatsapp_url": "https://wa.me/+971509169001",
      "googlemap_url": "https://maps.google.com/maps?q=yourlocation",
      "about_us": "About us content.",
      "privacy_policy": "Privacy policy content.",
      "terms_of_service": "Terms of service content."
    }
  },
  {
    "model": "homepage.marketing",
    "pk": 1,
    "fields": {
      "name": "Welcome to DarwashCo Prefabs",
      "description": "At DarwashCo Prefabs, we are your premier destination for high-quality prefab solutions in the Gulf region. With a dedicated team of experienced professionals, we specialize in crafting top-notch Pre-Fabricated Houses designed for efficiency and convenience. Why Choose DarwashCo  Prefab Houses? Our prefab houses are engineered for simplicity. They are meticulously manufactured and assembled under rigorous quality controls to ensure you receive a superior product. What sets us apart is our innovative approach to prefab construction - our houses are designed to be shipped as kits and effortlessly erected on-site with just a handful of skilled workers. This makes your project cost-effective, efficient, and hassle-free.",
      "image": "uploads/Photography_Product_7.jpg",
      "action": "Contact Us",
      "action_url": "http://www.contact.us"
    }
  },
  {
    "model": "homepage.marketing",
    "pk": 2,
    "fields": {
      "name": "Why Choose Prefab Houses?",
      "description": "Our prefab houses are engineered for simplicity. They are meticulously manufactured and assembled under rigorous quality controls to ensure you receive a superior product. What sets us apart is our innovative approach to prefab construction - our houses are designed to be shipped as kits and effortlessly erected on-site with just a handful of skilled workers. This makes your project cost-effective, efficient, and hassle-free.",
      "image": "uploads/tableau_salesforce_starter_0.jpg",
      "action": "Contact Us",
      "action_url": "http://www.contact.us"
    }
  },
  {
    "model": "homepage.marketing",
    "pk": 3,
    "fields": {
      "name": "Discover Tents",
      "description": "Looking for versatile and cost-effective tent solutions? Look no further than DarwashCo Tents. Based in the United Arab Emirates, we are a renowned manufacturer of multi-purpose tents that can be delivered to any corner of the globe. We pride ourselves on delivering top-quality tents at competitive prices. Our commitment to customer satisfaction extends beyond the sale, with exceptional after-sales service to cater to all your needs.",
      "image": "uploads/CommunityWebsite_Hub_CommunityProjects_800x600_vd5V0MG.jpg",
      "action": "Contact Us",
      "action_url": "http://www.contact.us"
    }
  },
  {
    "model": "homepage.marketing",
    "pk": 4,
    "fields": {
      "name": "Experience Car Parking Solutions",
      "description": "At DarwashCo Car Parking, we leverage our extensive expertise in prefab construction to offer innovative solutions for temporary and permanent office buildings, work camps, and villas in the Gulf region. Our turnkey services ensure you receive a 'ready to use' solution with minimal hassle. Whether you need a temporary structure or a permanent solution, our professional team is here to make your vision a reality.",
      "image": "uploads/CommunityWebsite_Hub_CommunityProjects_800x600.jpg",
      "action": "Contact Us",
      "action_url": "http://www.contact.com"
    }
  },
  {
    "model": "homepage.service",
    "pk": 1,
    "fields": {
      "name": "Exceptional After-Sales Support",
      "discriptions": "Our commitment to your satisfaction doesn't end with a sale. Whether it's attending to remedial calls, fine-tuning floor plans by relocating internal partitions, or extending and enhancing existing structures, we are here to assist you at every turn.",
      "image": "service/tableau_marketo_starter_0.jpg",
      "icon": null
    }
  },
  {
    "model": "homepage.service",
    "pk": 2,
    "fields": {
      "name": "State-of-the-Art Facilities",
      "discriptions": "Operating from our cutting-edge premises in Ajman Industrial Area, we boast a modern, fully equipped factory with a large purpose-built production area. Our highly trained workforce is ready to bring your vision to life.",
      "image": "service/tableau_2018.2_auto_mobile_layout_0.jpg",
      "icon": null
    }
  },
  {
    "model": "homepage.service",
    "pk": 3,
    "fields": {
      "name": "Continuous Improvement",
      "discriptions": "We believe in constant evolution. Every year, we invest significant time and resources in enhancing our products and interiors. This commitment ensures that we consistently deliver a first-class product that exceeds your expectations.",
      "image": "service/Photography_Product_7.jpg",
      "icon": null
    }
  },
  {
    "model": "homepage.feature",
    "pk": 1,
    "fields": {
      "name": "Car Parking Features - Elevating Your Parking Experience",
      "discriptions": "<ul>\r\n            <li><strong>Quality Car Parking Shades:</strong> Protect your vehicles with our quality Car Parking Shades, ensuring durability and efficiency in all weather conditions.</li>\r\n            <li><strong>Competitive Prices:</strong> We offer competitive prices without compromising on quality, providing value for your investment.</li>\r\n            <li><strong>Exceptional Service:</strong> Our commitment to exceptional service ensures that we serve our customers with excellence, making your experience hassle-free and convenient.</li>\r\n        </ul>",
      "image": "feature/Copy_of_Photography_Product_4.jpg",
      "icon": null
    }
  },
  {
    "model": "homepage.feature",
    "pk": 2,
    "fields": {
      "name": "Tents - Elevating Your Outdoor Experience",
      "discriptions": "<ul>\r\n            <li><strong>Elegant Wedding Venues:</strong> Create magical moments with our Wedding Tents, designed to offer elegant and enchanting venues for weddings and special events.</li>\r\n            <li><strong>Durable Military Tents:</strong> Our Military Tents provide durable and reliable solutions for military operations, ensuring safety and protection.</li>\r\n            <li><strong>Portable Comfort:</strong> Experience portable comfort with our Travelling Tents, ideal for adventurous journeys and outdoor adventures.</li>\r\n            <li><strong>Versatile Outdoor Solutions:</strong> Explore Casual Tents for various outdoor events and activities, offering versatility and style.</li>\r\n        </ul>",
      "image": "feature/CommunityWebsite_Hub_CommunityProjects_800x600.jpg",
      "icon": null
    }
  },
  {
    "model": "homepage.feature",
    "pk": 3,
    "fields": {
      "name": "Prefab - Where Innovation Meets Construction Excellence",
      "discriptions": "<ul>\r\n<li><strong>Efficient Space Solutions:</strong> Our prefab structures, including Site Offices & Labour Camps, are designed to create efficient workspaces that promote productivity and comfort.</li>\r\n<li><strong>Versatile Double Storey Buildings:</strong> Elevate your space with our two-story structures, offering flexibility and adaptability for various purposes.</li>\r\n<li><strong>Compact Cabins:</strong> We provide Housemaid & Driver Cabins, offering compact and comfortable living spaces tailored to your needs.</li>\r\n<li><strong>Secure Living:</strong> Explore our Villa & Security Cabins, combining security and style to create ideal living solutions.</li>\r\n<li><strong>Modern Sanitation:</strong> Our Ablution & Mobile Toilet Cabins offer modern sanitation with mobility, ensuring convenience and hygiene.</li>\r\n<li><strong>Portable Living:</strong> Discover our Trailer Cabins, offering portable living spaces suitable for a wide range of applications.</li>\r\n<li><strong>Efficient Storage:</strong> We offer Warehouse structures designed to provide efficient storage solutions for businesses of all sizes.</li>\r\n<li><strong>Serene Worship Spaces:</strong> Our Mosque structures are designed with precision to provide serene places of worship for communities.</li>\r\n<li><strong>Custom Plan & Design:</strong> Tailor-made solutions: We work closely with you to meet your exact requirements, offering flexibility in design and functionality.</li>\r\n</ul>",
      "image": "feature/CommunityWebsite_Academic_Feature2_800x600.jpg",
      "icon": null
    }
  },
  {
    "model": "homepage.category",
    "pk": 1,
    "fields": { "name": "Tents", "slug": "tents" }
  },
  {
    "model": "homepage.category",
    "pk": 2,
    "fields": { "name": "Car Parking", "slug": "car-parking" }
  },
  {
    "model": "homepage.category",
    "pk": 3,
    "fields": { "name": "Prefab", "slug": "prefab" }
  },
  {
    "model": "homepage.category",
    "pk": 4,
    "fields": { "name": "Steel", "slug": "steel" }
  },
  {
    "model": "homepage.post",
    "pk": 1,
    "fields": {
      "title": "Muhammad Hamoud",
      "slug": "muhammad-hamoud",
      "author": 1,
      "content": "test",
      "created_at": "2023-09-22T20:19:20.464Z",
      "updated_at": "2023-09-22T20:19:27.736Z",
      "categories": [1]
    }
  },
  {
    "model": "homepage.productcategory",
    "pk": 1,
    "fields": {
      "name": "Prefab",
      "description_short": null,
      "description": "",
      "image": ""
    }
  },
  {
    "model": "homepage.productcategory",
    "pk": 2,
    "fields": {
      "name": "Tents",
      "description_short": null,
      "description": "",
      "image": ""
    }
  },
  {
    "model": "homepage.productcategory",
    "pk": 3,
    "fields": {
      "name": "Car Parking",
      "description_short": null,
      "description": "",
      "image": ""
    }
  },
  {
    "model": "homepage.productcategory",
    "pk": 4,
    "fields": {
      "name": "Steel",
      "description_short": null,
      "description": "",
      "image": ""
    }
  },
  {
    "model": "homepage.product",
    "pk": 1,
    "fields": {
      "name": "Site Offices & Labour Camps",
      "description": "Creating efficient spaces for your workforce to thrive.",
      "category": 1
    }
  },
  {
    "model": "homepage.product",
    "pk": 2,
    "fields": {
      "name": "Double Storey Buildings",
      "description": "Elevate your space with versatile two-story structures.",
      "category": 1
    }
  },
  {
    "model": "homepage.product",
    "pk": 3,
    "fields": {
      "name": "Housemaid & Driver Cabins",
      "description": "Compact and comfortable living spaces.",
      "category": 1
    }
  },
  {
    "model": "homepage.product",
    "pk": 4,
    "fields": {
      "name": "Villa & Security Cabins",
      "description": "Secure and stylish living solutions.",
      "category": 1
    }
  },
  {
    "model": "homepage.product",
    "pk": 5,
    "fields": {
      "name": "Ablution & Mobile Toilet Cabin",
      "description": "Modern sanitation with mobility.",
      "category": 1
    }
  },
  {
    "model": "homepage.product",
    "pk": 6,
    "fields": {
      "name": "Trailer Cabin",
      "description": "Portable living spaces for various purposes.",
      "category": 1
    }
  },
  {
    "model": "homepage.product",
    "pk": 7,
    "fields": {
      "name": "Warehouse",
      "description": "Efficient storage solutions for your business.",
      "category": 1
    }
  },
  {
    "model": "homepage.product",
    "pk": 8,
    "fields": {
      "name": "Mosque",
      "description": "Serene places of worship designed with precision.",
      "category": 1
    }
  },
  {
    "model": "homepage.product",
    "pk": 9,
    "fields": {
      "name": "Plan & Design, and More",
      "description": "Tailor-made solutions to meet your exact requirements.",
      "category": 1
    }
  },
  {
    "model": "homepage.product",
    "pk": 10,
    "fields": {
      "name": "Wedding Tents",
      "description": "Create magical moments with elegant wedding venues.",
      "category": 2
    }
  },
  {
    "model": "homepage.product",
    "pk": 11,
    "fields": {
      "name": "Military Tents",
      "description": "Durable and reliable solutions for military operations.",
      "category": 2
    }
  },
  {
    "model": "homepage.product",
    "pk": 12,
    "fields": {
      "name": "Travelling Tents",
      "description": "Portable comfort for your adventurous journeys.",
      "category": 2
    }
  },
  {
    "model": "homepage.product",
    "pk": 13,
    "fields": {
      "name": "Casual Tents",
      "description": "Versatile tents for various outdoor events and activities.",
      "category": 2
    }
  },
  {
    "model": "homepage.product",
    "pk": 14,
    "fields": {
      "name": "Quality Car Parking Shades",
      "description": "Protect your vehicles with durable and efficient shades.",
      "category": 3
    }
  },
  {
    "model": "homepage.project",
    "pk": 1,
    "fields": {
      "category": 1,
      "name": "Efficient Work Camps",
      "client": "XYZ Construction Company",
      "discriptions": "We designed and built state-of-the-art work camps, including Site Offices & Labour Camps, to provide efficient and comfortable accommodation for the workforce.",
      "file": "",
      "image": "uploads/project1.jpg",
      "icon": "icon1.png",
      "is_published": false,
      "created_at": "2023-09-24T06:52:25.751Z",
      "updated_at": "2023-09-24T06:52:25.758Z"
    }
  },
  {
    "model": "homepage.project",
    "pk": 2,
    "fields": {
      "category": 1,
      "name": "Two-Story Office Building",
      "client": "ABC Corporation",
      "discriptions": "We constructed a versatile Double Storey Building to serve as a modern office space, offering flexibility for various purposes.",
      "file": "",
      "image": "uploads/project2.jpg",
      "icon": "icon2.png",
      "is_published": false,
      "created_at": "2023-09-24T06:52:25.751Z",
      "updated_at": "2023-09-24T06:52:25.758Z"
    }
  },
  {
    "model": "homepage.project",
    "pk": 3,
    "fields": {
      "category": 1,
      "name": "Compact Living Spaces",
      "client": "Private Residence",
      "discriptions": "Our Housemaid & Driver Cabins provided compact yet comfortable living spaces, tailored to the needs of the client's domestic staff.",
      "file": "",
      "image": "uploads/project3.jpg",
      "icon": "icon3.png",
      "is_published": false,
      "created_at": "2023-09-24T06:52:25.751Z",
      "updated_at": "2023-09-24T06:52:25.758Z"
    }
  },
  {
    "model": "homepage.project",
    "pk": 4,
    "fields": {
      "category": 1,
      "name": "Secure Villas",
      "client": "Luxury Resort",
      "discriptions": "We delivered Villa & Security Cabins that combined security and style to offer secure and elegant living solutions for the resort.",
      "file": "",
      "image": "uploads/project4.jpg",
      "icon": "icon4.png",
      "is_published": false,
      "created_at": "2023-09-24T06:52:25.751Z",
      "updated_at": "2023-09-24T06:52:25.758Z"
    }
  },
  {
    "model": "homepage.project",
    "pk": 5,
    "fields": {
      "category": 1,
      "name": "Mobile Sanitation",
      "client": "Event Management Company",
      "discriptions": "Our Ablution & Mobile Toilet Cabins offered modern sanitation with mobility, ensuring convenience and hygiene at outdoor events.",
      "file": "",
      "image": "uploads/project5.jpg",
      "icon": "icon5.png",
      "is_published": false,
      "created_at": "2023-09-24T06:52:25.751Z",
      "updated_at": "2023-09-24T06:52:25.758Z"
    }
  },
  {
    "model": "homepage.project",
    "pk": 6,
    "fields": {
      "category": 1,
      "name": "Portable Office Spaces",
      "client": "Mobile Business",
      "discriptions": "We provided Trailer Cabins as portable office spaces, ideal for various business applications, allowing mobility and flexibility.",
      "file": "",
      "image": "uploads/project6.jpg",
      "icon": "icon6.png",
      "is_published": false,
      "created_at": "2023-09-24T06:52:25.751Z",
      "updated_at": "2023-09-24T06:52:25.758Z"
    }
  },
  {
    "model": "homepage.project",
    "pk": 7,
    "fields": {
      "category": 1,
      "name": "Efficient Warehouse",
      "client": "Warehousing Company",
      "discriptions": "Our Warehouse structures offered efficient storage solutions, optimizing the storage capacity for the client's business.",
      "file": "",
      "image": "uploads/project7.jpg",
      "icon": "icon7.png",
      "is_published": false,
      "created_at": "2023-09-24T06:52:25.751Z",
      "updated_at": "2023-09-24T06:52:25.758Z"
    }
  },
  {
    "model": "homepage.project",
    "pk": 8,
    "fields": {
      "category": 1,
      "name": "Serene Mosque",
      "client": "Local Community",
      "discriptions": "We designed and built serene Mosque structures with precision to serve as peaceful places of worship for the community.",
      "file": "",
      "image": "uploads/project8.jpg",
      "icon": "icon8.png",
      "is_published": false,
      "created_at": "2023-09-24T06:52:25.751Z",
      "updated_at": "2023-09-24T06:52:25.758Z"
    }
  },
  {
    "model": "homepage.project",
    "pk": 9,
    "fields": {
      "category": 1,
      "name": "Customized Solutions",
      "client": "Diverse Industries",
      "discriptions": "We offered Custom Plan & Design services, collaborating closely with clients to create tailor-made solutions that met their exact requirements.",
      "file": "",
      "image": "uploads/project9.jpg",
      "icon": "icon9.png",
      "is_published": false,
      "created_at": "2023-09-24T06:52:25.751Z",
      "updated_at": "2023-09-24T06:52:25.758Z"
    }
  },
  {
    "model": "homepage.project",
    "pk": 10,
    "fields": {
      "category": 1,
      "name": "Remote Work Camps",
      "client": "Oil & Gas Industry",
      "discriptions": "We provided turnkey solutions for remote work camps, including temporary and permanent office buildings, work camps, and villas, ensuring clients received ready-to-use facilities.",
      "file": "",
      "image": "uploads/project10.jpg",
      "icon": "icon10.png",
      "is_published": false,
      "created_at": "2023-09-24T06:52:25.751Z",
      "updated_at": "2023-09-24T06:52:25.758Z"
    }
  },
  {
    "model": "homepage.project",
    "pk": 11,
    "fields": {
      "category": 2,
      "name": "Enchanting Wedding Venue",
      "client": "Newlyweds",
      "discriptions": "Our Wedding Tents created a magical atmosphere for a memorable wedding, offering an elegant and enchanting venue.",
      "file": "",
      "image": "uploads/project11.jpg",
      "icon": "icon11.png",
      "is_published": false,
      "created_at": "2023-09-24T06:52:25.751Z",
      "updated_at": "2023-09-24T06:52:25.758Z"
    }
  },
  {
    "model": "homepage.project",
    "pk": 12,
    "fields": {
      "category": 2,
      "name": "Military Operations Base",
      "client": "Military Department",
      "discriptions": "We supplied Military Tents, ensuring durability and reliability for military operations, ensuring safety and protection.",
      "file": "",
      "image": "uploads/project12.jpg",
      "icon": "icon12.png",
      "is_published": false,
      "created_at": "2023-09-24T06:52:25.751Z",
      "updated_at": "2023-09-24T06:52:25.758Z"
    }
  },
  {
    "model": "homepage.project",
    "pk": 13,
    "fields": {
      "category": 2,
      "name": "Portable Adventure",
      "client": "Adventure Enthusiasts",
      "discriptions": "Our Travelling Tents provided portable comfort for adventurous journeys and outdoor adventures, ensuring a comfortable and safe experience.",
      "file": "",
      "image": "uploads/project13.jpg",
      "icon": "icon13.png",
      "is_published": false,
      "created_at": "2023-09-24T06:52:25.751Z",
      "updated_at": "2023-09-24T06:52:25.758Z"
    }
  },
  {
    "model": "homepage.project",
    "pk": 14,
    "fields": {
      "category": 2,
      "name": "Outdoor Events Galore",
      "client": "Event Management Company",
      "discriptions": "Casual Tents were deployed for various outdoor events and activities, offering versatility and style for guests.",
      "file": "",
      "image": "uploads/project14.jpg",
      "icon": "icon14.png",
      "is_published": false,
      "created_at": "2023-09-24T06:52:25.751Z",
      "updated_at": "2023-09-24T06:52:25.758Z"
    }
  },
  {
    "model": "homepage.project",
    "pk": 15,
    "fields": {
      "category": 3,
      "name": "Vehicle Protection",
      "client": "Commercial Parking Area",
      "discriptions": "We installed Quality Car Parking Shades, offering efficient protection for vehicles against harsh weather conditions.",
      "file": "",
      "image": "uploads/project15.jpg",
      "icon": "icon15.png",
      "is_published": false,
      "created_at": "2023-09-24T06:52:25.751Z",
      "updated_at": "2023-09-24T06:52:25.758Z"
    }
  },
  {
    "model": "homepage.project",
    "pk": 16,
    "fields": {
      "category": 3,
      "name": "Value for Money",
      "client": "Residential Community",
      "discriptions": "Competitive Prices made it possible for a residential community to benefit from durable and cost-effective car parking shade solutions.",
      "file": "",
      "image": "uploads/project16.jpg",
      "icon": "icon16.png",
      "is_published": false,
      "created_at": "2023-09-24T06:52:25.751Z",
      "updated_at": "2023-09-24T06:52:25.758Z"
    }
  },
  {
    "model": "homepage.project",
    "pk": 17,
    "fields": {
      "category": 3,
      "name": "Customer-Centric Service",
      "client": "Business Complex",
      "discriptions": "Exceptional Service ensured that the installation of car parking shades was hassle-free for the business complex, reflecting our commitment to customer satisfaction.",
      "file": "",
      "image": "uploads/project17.jpg",
      "icon": "icon17.png",
      "is_published": false,
      "created_at": "2023-09-24T06:52:25.751Z",
      "updated_at": "2023-09-24T06:52:25.758Z"
    }
  },
  {
    "model": "homepage.project",
    "pk": 18,
    "fields": {
      "category": 3,
      "name": "Shade Oasis",
      "client": "Shopping Mall",
      "discriptions": "Our car parking shades transformed the mall's parking area into a shaded oasis, enhancing the visitor experience.",
      "file": "",
      "image": "uploads/project18.jpg",
      "icon": "icon18.png",
      "is_published": false,
      "created_at": "2023-09-24T06:52:25.751Z",
      "updated_at": "2023-09-24T06:52:25.758Z"
    }
  },
  {
    "model": "homepage.project",
    "pk": 19,
    "fields": {
      "category": 3,
      "name": "Vehicle Protection",
      "client": "Educational Institution",
      "discriptions": "Car parking shades were installed at an educational institution, providing an efficient solution for students and staff.",
      "file": "",
      "image": "uploads/CommunityWebsite_Academic_Feature_800x600.jpg",
      "icon": "icon19.png",
      "is_published": false,
      "created_at": "2023-09-24T06:52:25.751Z",
      "updated_at": "2023-09-24T06:52:25.758Z"
    }
  },
  {
    "model": "homepage.project",
    "pk": 20,
    "fields": {
      "category": 3,
      "name": "Quality Assurance",
      "client": "Residential Housing",
      "discriptions": "We offered Quality Car Parking Shades to ensure vehicle protection with a focus on durability and efficiency.",
      "file": "Augmented_Analytics.mp4",
      "image": "uploads/Copy_of_Photography_Product_4.jpg",
      "icon": "icon20.png",
      "is_published": true,
      "created_at": "2023-09-24T06:52:25.751Z",
      "updated_at": "2023-09-24T06:53:11.806Z"
    }
  },
  {
    "model": "homepage.teammember",
    "pk": 7,
    "fields": {
      "first_name": "Ryan",
      "last_name": "Cole",
      "job_title": "Best boy",
      "email": "jennifercunningham@example.org",
      "phone_number": "001-824-984-8687x969",
      "bio": "Player network quickly accept man glass star. Science here relationship talk upon arm suddenly require. Test foreign discussion class.",
      "linkedin_url": "http://www.williams.com/",
      "twitter_url": "http://www.durham.com/",
      "facebook_url": null,
      "instagram_url": null,
      "profile_image": ""
    }
  },
  {
    "model": "homepage.teammember",
    "pk": 8,
    "fields": {
      "first_name": "Tamara",
      "last_name": "Clark",
      "job_title": "Conservation officer, nature",
      "email": "kristaleblanc@example.org",
      "phone_number": "001-551-753-1788x71414",
      "bio": "Each of heart site. Parent kid team compare give tax their. Yeah significant specific set should.",
      "linkedin_url": null,
      "twitter_url": null,
      "facebook_url": null,
      "instagram_url": "https://www.rodriguez.com/",
      "profile_image": ""
    }
  },
  {
    "model": "homepage.teammember",
    "pk": 9,
    "fields": {
      "first_name": "Anna",
      "last_name": "Smith",
      "job_title": "Television/film/video producer",
      "email": "davenportryan@example.org",
      "phone_number": "+1-514-705-8416x95766",
      "bio": "Right relate assume increase onto before arm.",
      "linkedin_url": "https://www.werner-allen.com/",
      "twitter_url": "https://www.yates.com/",
      "facebook_url": "https://www.young.com/",
      "instagram_url": null,
      "profile_image": ""
    }
  },
  {
    "model": "homepage.teammember",
    "pk": 10,
    "fields": {
      "first_name": "Theresa",
      "last_name": "Henry",
      "job_title": "Technical author",
      "email": "zstephens@example.org",
      "phone_number": "+1-532-834-3367x310",
      "bio": "Situation power artist sea term. Major popular all employee serious popular modern.",
      "linkedin_url": null,
      "twitter_url": "https://www.brown.com/",
      "facebook_url": null,
      "instagram_url": null,
      "profile_image": ""
    }
  },
  {
    "model": "homepage.testimonial",
    "pk": 4,
    "fields": {
      "name": "Emily Clark",
      "company": "Facilities Manager",
      "content": "Al Darwash's commitment to quality shades at competitive prices is unmatched. Our car parking area now boasts durable and efficient shades that protect our vehicles year-round. We couldn't be happier!"
    }
  },
  {
    "model": "homepage.testimonial",
    "pk": 5,
    "fields": {
      "name": "Ahmed Al-Mansoori",
      "company": "Real Estate Developer",
      "content": "Working with Al Darwash has been a pleasure. Their team's expertise in prefab construction is evident in the outstanding results they deliver. Our villa project in the Gulf region turned out exactly as we envisioned."
    }
  },
  {
    "model": "homepage.testimonial",
    "pk": 6,
    "fields": {
      "name": "Lisa Taylor",
      "company": "Homeowner",
      "content": "Al Darwash Prefabs' dedication to customer satisfaction is impressive. Their attention to detail, efficient solutions, and professionalism set them apart. We are thrilled with our prefab house!"
    }
  }
]
